{
    "name": "root",
    "gauges": {
        "SoldierBrain.Policy.Entropy.mean": {
            "value": 2.0029048919677734,
            "min": 1.4621636867523193,
            "max": 2.0029048919677734,
            "count": 14
        },
        "SoldierBrain.Policy.Entropy.sum": {
            "value": 19828.7578125,
            "min": 2339.4619140625,
            "max": 19830.984375,
            "count": 14
        },
        "SoldierBrain.Step.mean": {
            "value": 149977.0,
            "min": 19938.0,
            "max": 149977.0,
            "count": 14
        },
        "SoldierBrain.Step.sum": {
            "value": 149977.0,
            "min": 19938.0,
            "max": 149977.0,
            "count": 14
        },
        "SoldierBrain.Policy.ExtrinsicValueEstimate.mean": {
            "value": -0.3569531738758087,
            "min": -2.778071403503418,
            "max": 3.482618808746338,
            "count": 14
        },
        "SoldierBrain.Policy.ExtrinsicValueEstimate.sum": {
            "value": -64.25157165527344,
            "min": -500.0528564453125,
            "max": 273.4403381347656,
            "count": 14
        },
        "SoldierBrain.IsTraining.mean": {
            "value": 1.0,
            "min": 1.0,
            "max": 1.0,
            "count": 14
        },
        "SoldierBrain.IsTraining.sum": {
            "value": 1.0,
            "min": 1.0,
            "max": 1.0,
            "count": 14
        },
        "SoldierBrain.Losses.PolicyLoss.mean": {
            "value": 0.17352751321807064,
            "min": 0.17040941863105288,
            "max": 0.1930609544570647,
            "count": 13
        },
        "SoldierBrain.Losses.PolicyLoss.sum": {
            "value": 12.320453438483016,
            "min": 8.772539855789674,
            "max": 12.950419292468112,
            "count": 13
        },
        "SoldierBrain.Losses.ValueLoss.mean": {
            "value": 3.7563420936075653,
            "min": 3.7563420936075653,
            "max": 71.34116400802344,
            "count": 13
        },
        "SoldierBrain.Losses.ValueLoss.sum": {
            "value": 266.70028864613715,
            "min": 266.70028864613715,
            "max": 4074.4514149972674,
            "count": 13
        },
        "SoldierBrain.Policy.LearningRate.mean": {
            "value": 0.00021291677268972395,
            "min": 0.00021291677268972395,
            "max": 0.00028483532905489194,
            "count": 13
        },
        "SoldierBrain.Policy.LearningRate.sum": {
            "value": 0.0151170908609704,
            "min": 0.014241766452744598,
            "max": 0.017684612405129592,
            "count": 13
        },
        "SoldierBrain.Policy.Epsilon.mean": {
            "value": 0.45486123943661966,
            "min": 0.45486123943661966,
            "max": 0.57472554,
            "count": 13
        },
        "SoldierBrain.Policy.Epsilon.sum": {
            "value": 32.295148,
            "min": 28.736276999999998,
            "max": 36.574352000000005,
            "count": 13
        },
        "SoldierBrain.Policy.Beta.mean": {
            "value": 0.00035776401464788734,
            "min": 0.00035776401464788734,
            "max": 0.00047523102919999995,
            "count": 13
        },
        "SoldierBrain.Policy.Beta.sum": {
            "value": 0.02540124504,
            "min": 0.02376155146,
            "max": 0.029594864959999998,
            "count": 13
        },
        "SoldierBrain.Environment.EpisodeLength.mean": {
            "value": 109.96739130434783,
            "min": 108.24444444444444,
            "max": 115.71111111111111,
            "count": 13
        },
        "SoldierBrain.Environment.EpisodeLength.sum": {
            "value": 10117.0,
            "min": 9034.0,
            "max": 10922.0,
            "count": 13
        },
        "SoldierBrain.Environment.CumulativeReward.mean": {
            "value": -0.967032967032967,
            "min": -1.0,
            "max": 0.3888888888888889,
            "count": 13
        },
        "SoldierBrain.Environment.CumulativeReward.sum": {
            "value": -88.0,
            "min": -95.0,
            "max": 35.0,
            "count": 13
        },
        "SoldierBrain.Policy.ExtrinsicReward.mean": {
            "value": -0.967032967032967,
            "min": -1.0,
            "max": 0.3888888888888889,
            "count": 13
        },
        "SoldierBrain.Policy.ExtrinsicReward.sum": {
            "value": -88.0,
            "min": -95.0,
            "max": 35.0,
            "count": 13
        }
    },
    "metadata": {
        "timer_format_version": "0.1.0",
        "start_time_seconds": "1634697529",
        "python_version": "3.7.9 (tags/v3.7.9:13c94747c7, Aug 17 2020, 18:58:18) [MSC v.1900 64 bit (AMD64)]",
        "command_line_arguments": "C:\\Users\\tomi\\AppData\\Local\\Programs\\Python\\Python37\\Scripts\\mlagents-learn Assets\\training.yaml --run-id SoldierBrain --resume",
        "mlagents_version": "0.27.0",
        "mlagents_envs_version": "0.27.0",
        "communication_protocol_version": "1.5.0",
        "pytorch_version": "1.7.1+cu110",
        "numpy_version": "1.21.2",
        "end_time_seconds": "1634698018"
    },
    "total": 488.7515309,
    "count": 1,
    "self": 0.007668299999977535,
    "children": {
        "run_training.setup": {
            "total": 0.08188830000000014,
            "count": 1,
            "self": 0.08188830000000014
        },
        "TrainerController.start_learning": {
            "total": 488.6619743,
            "count": 1,
            "self": 0.1381682999992222,
            "children": {
                "TrainerController._reset_env": {
                    "total": 29.4492279,
                    "count": 1,
                    "self": 29.4492279
                },
                "TrainerController.advance": {
                    "total": 458.9866448000008,
                    "count": 6186,
                    "self": 0.13924419999932525,
                    "children": {
                        "env_step": {
                            "total": 90.04937640000105,
                            "count": 6186,
                            "self": 72.25439830000039,
                            "children": {
                                "SubprocessEnvManager._take_step": {
                                    "total": 17.71678900000105,
                                    "count": 6186,
                                    "self": 0.3863389000010322,
                                    "children": {
                                        "TorchPolicy.evaluate": {
                                            "total": 17.330450100000018,
                                            "count": 5597,
                                            "self": 6.854039799999288,
                                            "children": {
                                                "TorchPolicy.sample_actions": {
                                                    "total": 10.47641030000073,
                                                    "count": 5597,
                                                    "self": 10.47641030000073
                                                }
                                            }
                                        }
                                    }
                                },
                                "workers": {
                                    "total": 0.0781890999996051,
                                    "count": 6185,
                                    "self": 0.0,
                                    "children": {
                                        "worker_root": {
                                            "total": 459.8951356999978,
                                            "count": 6185,
                                            "is_parallel": true,