{
    "name": "root",
    "gauges": {
        "SoldierBrain.Policy.Entropy.mean": {
            "value": 1.8399043083190918,
            "min": 1.5531941652297974,
            "max": 1.8399043083190918,
            "count": 96
        },
        "SoldierBrain.Policy.Entropy.sum": {
            "value": 18261.05078125,
            "min": 15410.4619140625,
            "max": 18764.810546875,
            "count": 96
        },
        "SoldierBrain.Step.mean": {
            "value": 1459946.0,
            "min": 509962.0,
            "max": 1459946.0,
            "count": 96
        },
        "SoldierBrain.Step.sum": {
            "value": 1459946.0,
            "min": 509962.0,
            "max": 1459946.0,
            "count": 96
        },
        "SoldierBrain.Policy.ExtrinsicValueEstimate.mean": {
            "value": -0.9562442898750305,
            "min": -1.9404999017715454,
            "max": 1.5851671695709229,
            "count": 96
        },
        "SoldierBrain.Policy.ExtrinsicValueEstimate.sum": {
            "value": -174.99270629882812,
            "min": -353.1709899902344,
            "max": 293.25592041015625,
            "count": 96
        },
        "SoldierBrain.Environment.EpisodeLength.mean": {
            "value": 116.32222222222222,
            "min": 107.82022471910112,
            "max": 122.22077922077922,
            "count": 96
        },
        "SoldierBrain.Environment.EpisodeLength.sum": {
            "value": 10469.0,
            "min": 8644.0,
            "max": 10719.0,
            "count": 96
        },
        "SoldierBrain.Environment.CumulativeReward.mean": {
            "value": -0.4888888888888889,
            "min": -0.945054945054945,
            "max": 0.25,
            "count": 96
        },
        "SoldierBrain.Environment.CumulativeReward.sum": {
            "value": -44.0,
            "min": -86.0,
            "max": 24.0,
            "count": 96
        },
        "SoldierBrain.Policy.ExtrinsicReward.mean": {
            "value": -0.4888888888888889,
            "min": -0.945054945054945,
            "max": 0.25,
            "count": 96
        },
        "SoldierBrain.Policy.ExtrinsicReward.sum": {
            "value": -44.0,
            "min": -86.0,
            "max": 24.0,
            "count": 96
        },
        "SoldierBrain.IsTraining.mean": {
            "value": 1.0,
            "min": 1.0,
            "max": 1.0,
            "count": 96
        },
        "SoldierBrain.IsTraining.sum": {
            "value": 1.0,
            "min": 1.0,
            "max": 1.0,
            "count": 96
        },
        "SoldierBrain.Losses.PolicyLoss.mean": {
            "value": 0.06802515173330903,
            "min": 0.02956213499419391,
            "max": 0.15157047137618065,
            "count": 93
        },
        "SoldierBrain.Losses.PolicyLoss.sum": {
            "value": 0.06802515173330903,
            "min": 0.02956213499419391,
            "max": 0.15157047137618065,
            "count": 93
        },
        "SoldierBrain.Losses.ValueLoss.mean": {
            "value": 1.2178764482339224,
            "min": 0.5375293423732121,
            "max": 30.46673505306244,
            "count": 93
        },
        "SoldierBrain.Losses.ValueLoss.sum": {
            "value": 1.2178764482339224,
            "min": 0.5375293423732121,
            "max": 30.46673505306244,
            "count": 93
        },
        "SoldierBrain.Policy.LearningRate.mean": {
            "value": 0.0002583730138756666,
            "min": 0.0002583730138756666,
            "max": 0.00028542051914554284,
            "count": 93
        },
        "SoldierBrain.Policy.LearningRate.sum": {
            "value": 0.0002583730138756666,
            "min": 0.0002583730138756666,
            "max": 0.00028542051914554284,
            "count": 93
        },
        "SoldierBrain.Policy.Epsilon.mean": {
            "value": 0.18612433333333342,
            "min": 0.18612433333333342,
            "max": 0.19514017142857137,
            "count": 93
        },
        "SoldierBrain.Policy.Epsilon.sum": {
            "value": 0.18612433333333342,
            "min": 0.18612433333333342,
            "max": 0.19514017142857137,
            "count": 93
        },
        "SoldierBrain.Policy.Beta.mean": {
            "value": 0.004307604233333333,
            "min": 0.004307604233333333,
            "max": 0.004757494554285713,
            "count": 93
        },
        "SoldierBrain.Policy.Beta.sum": {
            "value": 0.004307604233333333,
            "min": 0.004307604233333333,
            "max": 0.004757494554285713,
            "count": 93
        }
    },
    "metadata": {
        "timer_format_version": "0.1.0",
        "start_time_seconds": "1634699426",
        "python_version": "3.7.9 (tags/v3.7.9:13c94747c7, Aug 17 2020, 18:58:18) [MSC v.1900 64 bit (AMD64)]",
        "command_line_arguments": "C:\\Users\\tomi\\AppData\\Local\\Programs\\Python\\Python37\\Scripts\\mlagents-learn Assets\\training.yaml --run-id Soldier --resume",
        "mlagents_version": "0.27.0",
        "mlagents_envs_version": "0.27.0",
        "communication_protocol_version": "1.5.0",
        "pytorch_version": "1.7.1+cu110",
        "numpy_version": "1.21.2",
        "end_time_seconds": "1634700300"
    },
    "total": 873.8432311,
    "count": 1,
    "self": 0.011511499999983243,
    "children": {
        "run_training.setup": {
            "total": 0.07711669999999993,
            "count": 1,
            "self": 0.07711669999999993
        },
        "TrainerController.start_learning": {
            "total": 873.7546029,
            "count": 1,
            "self": 0.9759376999878668,
            "children": {
                "TrainerController._reset_env": {
                    "total": 11.1466937,
                    "count": 1,
                    "self": 11.1466937
                },
                "TrainerController.advance": {
                    "total": 861.5388619000122,
                    "count": 42965,
                    "self": 1.0666192000219326,
                    "children": {
                        "env_step": {
                            "total": 622.8975155999956,
                            "count": 42965,
                            "self": 492.3877199999924,
                            "children": {
                                "SubprocessEnvManager._take_step": {
                                    "total": 129.92028820001286,
                                    "count": 42965,
                                    "self": 2.8228159000193926,
                                    "children": {
                                        "TorchPolicy.evaluate": {
                                            "total": 127.09747229999347,
                                            "count": 38707,
                                            "self": 52.2732361000015,
                                            "children": {
                                                "TorchPolicy.sample_actions": {
                                                    "total": 74.82423619999197,
                                                    "count": 38707,
                                                    "self": 74.82423619999197
                                                }
                                            }
                                        }
                                    }
                                },
                                "workers": {
                                    "total": 0.5895073999903353,
                                    "count": 42964,
                                    "self": 0.0,
                                    "children": {
                                        "worker_root": {
                                            "total": 861.0556056999935,
                                            "count": 42964,