{
    "name": "root",
    "gauges": {
        "MoveToGoal.Policy.Entropy.mean": {
            "value": 1.3609296083450317,
            "min": 1.3609296083450317,
            "max": 1.4129594564437866,
            "count": 5
        },
        "MoveToGoal.Policy.Entropy.sum": {
            "value": 67904.9453125,
            "min": 67904.9453125,
            "max": 72383.0859375,
            "count": 5
        },
        "MoveToGoal.Environment.EpisodeLength.mean": {
            "value": 13.09162672681139,
            "min": 13.09162672681139,
            "max": 122.02820512820513,
            "count": 5
        },
        "MoveToGoal.Environment.EpisodeLength.sum": {
            "value": 46436.0,
            "min": 46436.0,
            "max": 51173.0,
            "count": 5
        },
        "MoveToGoal.Step.mean": {
            "value": 249985.0,
            "min": 49991.0,
            "max": 249985.0,
            "count": 5
        },
        "MoveToGoal.Step.sum": {
            "value": 249985.0,
            "min": 49991.0,
            "max": 249985.0,
            "count": 5
        },
        "MoveToGoal.Policy.ExtrinsicValueEstimate.mean": {
            "value": 1.8664846420288086,
            "min": -0.20524834096431732,
            "max": 1.8664846420288086,
            "count": 5
        },
        "MoveToGoal.Policy.ExtrinsicValueEstimate.sum": {
            "value": 6620.4208984375,
            "min": -213.6635284423828,
            "max": 6620.4208984375,
            "count": 5
        },
        "MoveToGoal.Environment.CumulativeReward.mean": {
            "value": 1.9991542148294332,
            "min": -0.2647814910025707,
            "max": 2.0,
            "count": 5
        },
        "MoveToGoal.Environment.CumulativeReward.sum": {
            "value": 7091.0,
            "min": -103.0,
            "max": 7091.0,
            "count": 5
        },
        "MoveToGoal.Policy.ExtrinsicReward.mean": {
            "value": 1.9991542148294332,
            "min": -0.2647814910025707,
            "max": 2.0,
            "count": 5
        },
        "MoveToGoal.Policy.ExtrinsicReward.sum": {
            "value": 7091.0,
            "min": -103.0,
            "max": 7091.0,
            "count": 5
        },
        "MoveToGoal.Losses.PolicyLoss.mean": {
            "value": 0.026717469406624634,
            "min": 0.022770732569430643,
            "max": 0.026717469406624634,
            "count": 5
        },
        "MoveToGoal.Losses.PolicyLoss.sum": {
            "value": 0.13358734703312317,
            "min": 0.09108293027772257,
            "max": 0.13358734703312317,
            "count": 5
        },
        "MoveToGoal.Losses.ValueLoss.mean": {
            "value": 0.0022992151455643274,
            "min": 0.0022992151455643274,
            "max": 0.07015169630448023,
            "count": 5
        },
        "MoveToGoal.Losses.ValueLoss.sum": {
            "value": 0.011496075727821638,
            "min": 0.011496075727821638,
            "max": 0.35075848152240113,
            "count": 5
        },
        "MoveToGoal.Policy.LearningRate.mean": {
            "value": 0.00016455676514775996,
            "min": 0.00016455676514775996,
            "max": 0.00028458270513909996,
            "count": 5
        },
        "MoveToGoal.Policy.LearningRate.sum": {
            "value": 0.0008227838257387998,
            "min": 0.0008227838257387998,
            "max": 0.0012841998719333996,
            "count": 5
        },
        "MoveToGoal.Policy.Epsilon.mean": {
            "value": 0.15485224,
            "min": 0.15485224,
            "max": 0.19486089999999998,
            "count": 5
        },
        "MoveToGoal.Policy.Epsilon.sum": {
            "value": 0.7742612,
            "min": 0.7742612,
            "max": 0.9280666,
            "count": 5
        },
        "MoveToGoal.Policy.Beta.mean": {
            "value": 0.0027471267760000003,
            "min": 0.0027471267760000003,
            "max": 0.004743558910000001,
            "count": 5
        },
        "MoveToGoal.Policy.Beta.sum": {
            "value": 0.01373563388,
            "min": 0.01373563388,
            "max": 0.021410523339999998,
            "count": 5
        },
        "MoveToGoal.IsTraining.mean": {
            "value": 1.0,
            "min": 1.0,
            "max": 1.0,
            "count": 5
        },
        "MoveToGoal.IsTraining.sum": {
            "value": 1.0,
            "min": 1.0,
            "max": 1.0,
            "count": 5
        }
    },
    "metadata": {
        "timer_format_version": "0.1.0",
        "start_time_seconds": "1634698136",
        "python_version": "3.7.9 (tags/v3.7.9:13c94747c7, Aug 17 2020, 18:58:18) [MSC v.1900 64 bit (AMD64)]",
        "command_line_arguments": "C:\\Users\\tomi\\AppData\\Local\\Programs\\Python\\Python37\\Scripts\\mlagents-learn --run-id Other --force",
        "mlagents_version": "0.27.0",
        "mlagents_envs_version": "0.27.0",
        "communication_protocol_version": "1.5.0",
        "pytorch_version": "1.7.1+cu110",
        "numpy_version": "1.21.2",
        "end_time_seconds": "1634698385"
    },
    "total": 249.1109846,
    "count": 1,
    "self": 0.007830499999982976,
    "children": {
        "run_training.setup": {
            "total": 0.09748080000000003,
            "count": 1,
            "self": 0.09748080000000003
        },
        "TrainerController.start_learning": {
            "total": 249.0056733,
            "count": 1,
            "self": 0.36816240000021594,
            "children": {
                "TrainerController._reset_env": {
                    "total": 10.998410799999998,
                    "count": 1,
                    "self": 10.998410799999998
                },
                "TrainerController.advance": {
                    "total": 237.5512566999998,
                    "count": 14717,
                    "self": 0.3631430000001217,
                    "children": {
                        "env_step": {
                            "total": 158.62978589999912,
                            "count": 14717,
                            "self": 144.057496999998,
                            "children": {
                                "SubprocessEnvManager._take_step": {
                                    "total": 14.362722399997741,
                                    "count": 14717,
                                    "self": 0.7406377999981348,
                                    "children": {
                                        "TorchPolicy.evaluate": {
                                            "total": 13.622084599999607,
                                            "count": 7561,
                                            "self": 5.930663899999546,
                                            "children": {
                                                "TorchPolicy.sample_actions": {
                                                    "total": 7.6914207000000605,
                                                    "count": 7561,
                                                    "self": 7.6914207000000605
                                                }
                                            }
                                        }
                                    }
                                },
                                "workers": {
                                    "total": 0.20956650000338506,
                                    "count": 14716,
                                    "self": 0.0,
                                    "children": {
                                        "worker_root": {
                                            "total": 238.9502616000023,
                                            "count": 14716,
                                            "is_parallel": true,
                                            "self": 116.25322010000055,